id,first_name,last_name,email,gender
1,Daryl,Derisley,dderisley0@msn.com,Female
2,Sinclair,Duran,sduran1@dyndns.org,Male
3,Meg,Engelbrecht,mengelbrecht2@tmall.com,Agender
4,Bucky,Bearsmore,bbearsmore3@bigcartel.com,Male
5,Lindsey,Ondricek,londricek4@umn.edu,Female
6,Ediva,Tregale,etregale5@uol.com.br,Female
7,Ravi,Dominiak,rdominiak6@economist.com,Male
8,Tessa,Davidek,tdavidek7@home.pl,Female
9,Taddeo,Hooke,thooke8@ebay.com,Male
10,Robers,Ivashkin,rivashkin9@ucoz.ru,Male
11,Xylia,Rushbrooke,xrushbrookea@amazon.de,Female
12,Haze,McIlveen,hmcilveenb@163.com,Male
13,Joby,Lowth,jlowthc@stumbleupon.com,Female
14,Enrica,Brisco,ebriscod@mtv.com,Female
15,Westbrooke,Kuhnel,wkuhnele@cisco.com,Male
16,Selia,Reskelly,sreskellyf@opensource.org,Bigender
17,Jere,Pull,jpullg@trellian.com,Male
18,Fania,Jickells,fjickellsh@ebay.co.uk,Agender
19,Seymour,Figure,sfigurei@businessinsider.com,Male
20,Worden,D'Hooghe,wdhooghej@i2i.jp,Male
21,Bram,Hartshorne,bhartshornek@opensource.org,Male
22,Yovonnda,Louthe,ylouthel@sfgate.com,Genderqueer
23,Stepha,Gossling,sgosslingm@desdev.cn,Female
24,Sigfried,Rogez,srogezn@amazon.de,Genderqueer
25,Nomi,Briffett,nbriffetto@gravatar.com,Female
26,Reyna,Itzhayek,ritzhayekp@a8.net,Female
27,Dona,Millichip,dmillichipq@mediafire.com,Female
28,Woody,Ziemke,wziemker@trellian.com,Male
29,Austine,Coultas,acoultass@yandex.ru,Female
30,Guenna,Bann,gbannt@hhs.gov,Female
31,Hope,Safe,hsafeu@bandcamp.com,Female
32,Kippy,Wattam,kwattamv@marketwatch.com,Male
33,Dorisa,Windaybank,dwindaybankw@wikipedia.org,Female
34,Hesther,Aronow,haronowx@house.gov,Agender
35,Milo,Pantry,mpantryy@netvibes.com,Male
36,Serena,Winders,swindersz@dyndns.org,Female
37,Farlee,Noblett,fnoblett10@blogs.com,Male
38,Worden,Fry,wfry11@yandex.ru,Male
39,Josephine,Dumini,jdumini12@ustream.tv,Female
40,Julianne,Harroll,jharroll13@friendfeed.com,Female
41,Olivie,Trethowan,otrethowan14@techcrunch.com,Female
42,Robinet,Douche,rdouche15@dell.com,Male
43,Mano,Copner,mcopner16@gnu.org,Male
44,Malia,Yearron,myearron17@xing.com,Genderqueer
45,Ainsley,Denisevich,adenisevich18@tuttocitta.it,Genderfluid
46,Tammara,Gullis,tgullis19@booking.com,Agender
47,Bryce,Barrowclough,bbarrowclough1a@archive.org,Bigender
48,Tiff,Masser,tmasser1b@nytimes.com,Female
49,Myra,Stockin,mstockin1c@tinyurl.com,Female
50,Barbe,Cholton,bcholton1d@alexa.com,Female
51,Noll,Balsellie,nbalsellie1e@umn.edu,Male
52,Meyer,Roswarn,mroswarn1f@dyndns.org,Male
53,Alessandra,Longcake,alongcake1g@skyrock.com,Female
54,Ode,Dobney,odobney1h@stanford.edu,Male
55,Bryon,Lowell,blowell1i@nbcnews.com,Male
56,Elizabet,Jeaneau,ejeaneau1j@europa.eu,Female
57,Kassia,Meriton,kmeriton1k@bbc.co.uk,Female
58,Eulalie,Luce,eluce1l@google.cn,Female
59,Cornelius,Raith,craith1m@vk.com,Male
60,Gib,Mabley,gmabley1n@java.com,Male
61,Noach,Toft,ntoft1o@list-manage.com,Male
62,Gates,Doust,gdoust1p@cargocollective.com,Female
63,Beauregard,Nashe,bnashe1q@kickstarter.com,Male
64,Rhea,Cheetham,rcheetham1r@tripadvisor.com,Female
65,Brear,Ahern,bahern1s@gnu.org,Female
66,Sanderson,Shuttleworth,sshuttleworth1t@mit.edu,Male
67,Drugi,Furzer,dfurzer1u@quantcast.com,Male
68,Marigold,Tipple,mtipple1v@vistaprint.com,Female
69,Dannel,Craiker,dcraiker1w@mail.ru,Male
70,Matthaeus,Schollick,mschollick1x@meetup.com,Male
71,Moss,Phettiplace,mphettiplace1y@whitehouse.gov,Non-binary
72,Raimondo,Matthias,rmatthias1z@examiner.com,Male
73,Carolynn,Satch,csatch20@harvard.edu,Female
74,Dolley,Kitchener,dkitchener21@istockphoto.com,Female
75,Barnaby,Cauderlie,bcauderlie22@timesonline.co.uk,Male
76,Johnny,Stores,jstores23@marketwatch.com,Bigender
77,Milissent,De Zuani,mdezuani24@hostgator.com,Female
78,Derrik,Gunningham,dgunningham25@howstuffworks.com,Agender
79,Marlena,Petschel,mpetschel26@paginegialle.it,Female
80,Bourke,Paddingdon,bpaddingdon27@hugedomains.com,Male
81,Marc,Hulland,mhulland28@springer.com,Male
82,Ceil,Prigmore,cprigmore29@g.co,Genderfluid
83,Lucien,O'Brian,lobrian2a@va.gov,Male
84,Betteanne,Josephoff,bjosephoff2b@godaddy.com,Female
85,Kessiah,Whear,kwhear2c@t.co,Female
86,Mavra,Maffi,mmaffi2d@imageshack.us,Female
87,Ashlie,Dreng,adreng2e@noaa.gov,Female
88,Marion,Silmon,msilmon2f@huffingtonpost.com,Female
89,Perle,Tiptaft,ptiptaft2g@acquirethisname.com,Female
90,Gertrude,Janouch,gjanouch2h@mayoclinic.com,Female
91,Cornell,McNally,cmcnally2i@princeton.edu,Male
92,Correy,Balke,cbalke2j@house.gov,Female
93,Vidovik,Kiddie,vkiddie2k@moonfruit.com,Male
94,Lewie,Battill,lbattill2l@unicef.org,Male
95,Danella,Lockier,dlockier2m@rambler.ru,Female
96,Arv,Rodnight,arodnight2n@ustream.tv,Male
97,Ware,Wemyss,wwemyss2o@google.com,Male
98,Querida,Freeland,qfreeland2p@auda.org.au,Female
99,Maxy,Wards,mwards2q@myspace.com,Genderqueer
100,Caldwell,Douce,cdouce2r@ebay.co.uk,Male
101,Katie,Lindholm,klindholm2s@earthlink.net,Female
102,Liam,Crass,lcrass2t@cnbc.com,Male
103,Zolly,Friend,zfriend2u@desdev.cn,Male
104,Aida,Shorey,ashorey2v@google.pl,Female
105,Gustie,Jealous,gjealous2w@t.co,Agender
106,Haydon,Garmston,hgarmston2x@vkontakte.ru,Male
107,Mendie,Jaszczak,mjaszczak2y@de.vu,Male
108,Freddie,Cobbald,fcobbald2z@people.com.cn,Female
109,Raymond,Nezey,rnezey30@squidoo.com,Male
110,Erena,Cockerill,ecockerill31@alexa.com,Female
111,Merle,Paulmann,mpaulmann32@nps.gov,Male
112,Alethea,Puddephatt,apuddephatt33@dailymail.co.uk,Female
113,Pren,Hartnell,phartnell34@fc2.com,Male
114,Thalia,Eller,teller35@nbcnews.com,Female
115,Shelley,Thoumasson,sthoumasson36@tripadvisor.com,Male
116,Filberte,Wolfendale,fwolfendale37@cdbaby.com,Male
117,Aguistin,Elphinston,aelphinston38@technorati.com,Male
118,Ethelred,Eate,eeate39@ftc.gov,Male
119,Neall,Connechie,nconnechie3a@studiopress.com,Male
120,Kurt,Linnemann,klinnemann3b@opensource.org,Male
121,Camilla,Cale,ccale3c@symantec.com,Female
122,Janella,Tenant,jtenant3d@elpais.com,Female
123,Dasie,Sweetman,dsweetman3e@so-net.ne.jp,Female
124,Marabel,Henningham,mhenningham3f@123-reg.co.uk,Female
125,Hort,Don,hdon3g@slate.com,Male
126,Arty,Felgate,afelgate3h@weather.com,Male
127,Celia,Gowers,cgowers3i@dion.ne.jp,Female
128,Saunderson,Wilgar,swilgar3j@ucla.edu,Male
129,Burnaby,Schonfeld,bschonfeld3k@canalblog.com,Male
130,Trude,Rottcher,trottcher3l@tumblr.com,Female
131,Nissie,Dusting,ndusting3m@freewebs.com,Female
132,Corly,Chamney,cchamney3n@skype.com,Female
133,Ursulina,Bosche,ubosche3o@theguardian.com,Female
134,Jesse,Sterley,jsterley3p@eventbrite.com,Female
135,Tobe,Bartoszewski,tbartoszewski3q@twitpic.com,Female
136,Farlay,Pickthall,fpickthall3r@cdc.gov,Polygender
137,Frederic,Waddie,fwaddie3s@soundcloud.com,Male
138,Angeline,Mockford,amockford3t@discovery.com,Female
139,Kipp,Tonkes,ktonkes3u@yelp.com,Male
140,Cherilyn,Skase,cskase3v@webnode.com,Female
141,Danella,Vice,dvice3w@imageshack.us,Non-binary
142,Jedidiah,Falshaw,jfalshaw3x@webs.com,Male
143,Barbra,Chatterton,bchatterton3y@forbes.com,Female
144,Mallory,Shelp,mshelp3z@china.com.cn,Female
145,Torey,Liddall,tliddall40@domainmarket.com,Male
146,Elka,Ainsbury,eainsbury41@reddit.com,Female
147,Carlo,Cotmore,ccotmore42@imdb.com,Male
148,Ulric,Hickeringill,uhickeringill43@goodreads.com,Male
149,Eugene,Rolls,erolls44@ft.com,Male
150,Pauly,Goodie,pgoodie45@example.com,Female
151,Doralynn,Galler,dgaller46@patch.com,Female
152,Aleksandr,Walles,awalles47@techcrunch.com,Male
153,Lee,Delany,ldelany48@tinypic.com,Male
154,Noll,O'Geaney,nogeaney49@newyorker.com,Male
155,Englebert,Moakes,emoakes4a@mediafire.com,Male
156,Chere,Bareford,cbareford4b@cloudflare.com,Female
157,Abba,Shaw,ashaw4c@sphinn.com,Male
158,Aldis,Glossop,aglossop4d@sogou.com,Male
159,Daveen,Frangione,dfrangione4e@hp.com,Female
160,Janette,Paice,jpaice4f@un.org,Female
161,Ally,O'Donoghue,aodonoghue4g@mozilla.com,Female
162,Rodolph,Ligoe,rligoe4h@ehow.com,Male
163,Markos,Beardall,mbeardall4i@npr.org,Male
164,Merell,Kemshell,mkemshell4j@tripadvisor.com,Non-binary
165,Nicole,Chinn,nchinn4k@zimbio.com,Female
166,Jeannie,Wellsman,jwellsman4l@apache.org,Female
167,Chilton,Barhems,cbarhems4m@newsvine.com,Male
168,Valera,Ratcliffe,vratcliffe4n@apache.org,Genderqueer
169,Ellery,McTrustrie,emctrustrie4o@jiathis.com,Male
170,Baldwin,Uccello,buccello4p@guardian.co.uk,Male
171,Jephthah,Brunet,jbrunet4q@nymag.com,Male
172,Kaylyn,Buggs,kbuggs4r@vk.com,Female
173,Matilde,Umpleby,mumpleby4s@digg.com,Female
174,Obie,Gutridge,ogutridge4t@yahoo.co.jp,Male
175,Cassius,Leasor,cleasor4u@nasa.gov,Polygender
176,Darla,Rosenfrucht,drosenfrucht4v@photobucket.com,Female
177,Teodoor,Bearward,tbearward4w@amazon.co.uk,Male
178,Matthias,Le Clercq,mleclercq4x@wufoo.com,Male
179,Garrek,Dimock,gdimock4y@engadget.com,Male
180,Salem,Money,smoney4z@nbcnews.com,Male
181,Chrotoem,Mityukov,cmityukov50@4shared.com,Male
182,Nye,Byrkmyr,nbyrkmyr51@sphinn.com,Male
183,Umeko,Sadlier,usadlier52@marketwatch.com,Agender
184,Tabbie,Zottoli,tzottoli53@behance.net,Female
185,Redd,Seabourne,rseabourne54@spotify.com,Male
186,Averil,Gartside,agartside55@dropbox.com,Male
187,Amity,Sharpless,asharpless56@apache.org,Female
188,Lester,Pfeuffer,lpfeuffer57@java.com,Male
189,Rafferty,Richel,rrichel58@myspace.com,Male
190,Fiona,Werrilow,fwerrilow59@auda.org.au,Polygender
191,Annabell,Watmough,awatmough5a@digg.com,Female
192,Mandy,Maidlow,mmaidlow5b@netscape.com,Female
193,Pate,Kellard,pkellard5c@elpais.com,Male
194,Filmore,Neasham,fneasham5d@epa.gov,Male
195,Trace,Gratrix,tgratrix5e@ow.ly,Male
196,Engracia,Marshal,emarshal5f@domainmarket.com,Female
197,Bruce,MacKaig,bmackaig5g@wsj.com,Non-binary
198,Gordon,Mulhall,gmulhall5h@a8.net,Male
199,Major,Hubbock,mhubbock5i@ustream.tv,Male
200,Igor,Vanyakin,ivanyakin5j@npr.org,Male
201,Cirilo,Poveleye,cpoveleye5k@telegraph.co.uk,Male
202,Julina,Dominici,jdominici5l@rediff.com,Female
203,Morley,Griss,mgriss5m@google.com.hk,Male
204,Almeria,Giannini,agiannini5n@scribd.com,Female
205,Roberta,Celle,rcelle5o@tripod.com,Bigender
206,Issiah,Wegenen,iwegenen5p@opensource.org,Male
207,Ryann,McCoole,rmccoole5q@slashdot.org,Female
208,Chev,Mistry,cmistry5r@ehow.com,Non-binary
209,Bob,Northern,bnorthern5s@wikipedia.org,Male
210,Nanette,Robberts,nrobberts5t@mashable.com,Female
211,Hynda,Hupe,hhupe5u@diigo.com,Female
212,Goraud,Pratt,gpratt5v@dedecms.com,Male
213,Denni,Camell,dcamell5w@vk.com,Female
214,Dilly,Daughtery,ddaughtery5x@chron.com,Male
215,Adrien,Ellice,aellice5y@eepurl.com,Non-binary
216,Dav,Shory,dshory5z@dropbox.com,Male
217,Evangelin,Gaffon,egaffon60@mapy.cz,Female
218,Dorelia,Kobes,dkobes61@istockphoto.com,Female
219,Garald,Pharrow,gpharrow62@hp.com,Male
220,Magda,Golly,mgolly63@washington.edu,Female
221,Tandi,Forrest,tforrest64@usgs.gov,Female
222,Vladamir,Greatorex,vgreatorex65@senate.gov,Male
223,Heloise,Rollings,hrollings66@boston.com,Genderqueer
224,Zachariah,Skentelbery,zskentelbery67@nhs.uk,Male
225,Brad,Syddall,bsyddall68@washington.edu,Male
226,Irwinn,Mansell,imansell69@xing.com,Male
227,De,Stenet,dstenet6a@telegraph.co.uk,Female
228,Katinka,Lawrenz,klawrenz6b@pbs.org,Female
229,Sasha,Goodie,sgoodie6c@addtoany.com,Female
230,Cathy,Concannon,cconcannon6d@freewebs.com,Female
231,Jerry,Giacobbo,jgiacobbo6e@pagesperso-orange.fr,Male
232,Kellina,Tremonte,ktremonte6f@goo.gl,Female
233,Viviana,Bernaciak,vbernaciak6g@arstechnica.com,Female
234,Karlan,Pancoust,kpancoust6h@ycombinator.com,Male
235,Ravid,Orleton,rorleton6i@buzzfeed.com,Male
236,Everard,Woodwind,ewoodwind6j@google.pl,Male
237,Filip,Heigl,fheigl6k@artisteer.com,Male
238,Kare,Love,klove6l@army.mil,Female
239,Jeane,Geockle,jgeockle6m@yellowbook.com,Female
240,Jobyna,Greggs,jgreggs6n@g.co,Female
241,Zaccaria,Sleicht,zsleicht6o@marriott.com,Bigender
242,Glynn,Walewski,gwalewski6p@yandex.ru,Male
243,Seamus,Giannazzo,sgiannazzo6q@dagondesign.com,Male
244,Donavon,Bernth,dbernth6r@berkeley.edu,Male
245,Jayson,Blaxeland,jblaxeland6s@artisteer.com,Male
246,Noel,Clohisey,nclohisey6t@columbia.edu,Female
247,Marina,Wetherill,mwetherill6u@howstuffworks.com,Female
248,Justine,Dobbin,jdobbin6v@booking.com,Female
249,Daphene,Gregs,dgregs6w@wikimedia.org,Female
250,Randell,Weatherhead,rweatherhead6x@oaic.gov.au,Male
251,Penelopa,Kingscote,pkingscote6y@goodreads.com,Female
252,Jacqui,Sholl,jsholl6z@flavors.me,Female
253,Nedda,Tyrer,ntyrer70@answers.com,Female
254,Sigvard,Sclanders,ssclanders71@china.com.cn,Male
255,Kippar,Heibel,kheibel72@histats.com,Male
256,Alford,Guise,aguise73@epa.gov,Agender
257,Hazel,Daulton,hdaulton74@ebay.co.uk,Male
258,Garry,Booth,gbooth75@mapy.cz,Polygender
259,Brena,Perico,bperico76@ovh.net,Female
260,Alessandro,Daftor,adaftor77@yelp.com,Male
261,Wildon,Cleminson,wcleminson78@google.pl,Male
262,Jelene,Sivier,jsivier79@soundcloud.com,Female
263,Peyter,Shimony,pshimony7a@angelfire.com,Male
264,Cristian,Birden,cbirden7b@1und1.de,Male
265,Rube,Mizzen,rmizzen7c@slate.com,Male
266,Norbert,Cosstick,ncosstick7d@icio.us,Male
267,Peria,Tute,ptute7e@blinklist.com,Female
268,Wolfie,Kilrow,wkilrow7f@eventbrite.com,Male
269,Bennett,Coleford,bcoleford7g@smugmug.com,Male
270,Tobin,Pretorius,tpretorius7h@wordpress.org,Male
271,Paxton,Dancy,pdancy7i@china.com.cn,Male
272,Prissie,Menelaws,pmenelaws7j@so-net.ne.jp,Female
273,Bobbe,Girsch,bgirsch7k@pen.io,Female
274,Lebbie,Sansam,lsansam7l@europa.eu,Female
275,Fair,Dahlborg,fdahlborg7m@sciencedirect.com,Male
276,Thorndike,Presser,tpresser7n@i2i.jp,Male
277,Simmonds,Nancekivell,snancekivell7o@about.me,Male
278,Elfreda,Lindeberg,elindeberg7p@usgs.gov,Female
279,Catha,Abrahmovici,cabrahmovici7q@zimbio.com,Female
280,Jeffrey,Draude,jdraude7r@vkontakte.ru,Male
281,Minna,Lorinez,mlorinez7s@gov.uk,Female
282,Mathian,Sanzio,msanzio7t@columbia.edu,Male
283,Carmel,Dudden,cdudden7u@slate.com,Female
284,Jdavie,Smullen,jsmullen7v@multiply.com,Non-binary
285,Crystal,Rohlfing,crohlfing7w@samsung.com,Female
286,Arie,Pardy,apardy7x@opensource.org,Male
287,Christi,Hayton,chayton7y@a8.net,Female
288,Conchita,Stock,cstock7z@nbcnews.com,Female
289,Cinnamon,Regis,cregis80@last.fm,Female
290,Hussein,Goncaves,hgoncaves81@dyndns.org,Male
291,Muhammad,Grix,mgrix82@washington.edu,Agender
292,Sianna,McGlaud,smcglaud83@dyndns.org,Female
293,Bertie,Gorling,bgorling84@mit.edu,Male
294,Evelina,Ledstone,eledstone85@nifty.com,Female
295,Collie,Gudd,cgudd86@mac.com,Female
296,Carly,Grigorushkin,cgrigorushkin87@nyu.edu,Male
297,Elmore,Hafner,ehafner88@skyrock.com,Male
298,Vivyan,Downey,vdowney89@japanpost.jp,Female
299,Gwenni,Lawty,glawty8a@spiegel.de,Female
300,Lawrence,Broderick,lbroderick8b@zimbio.com,Polygender
301,Jillie,Stading,jstading8c@nbcnews.com,Female
302,Conchita,Moss,cmoss8d@techcrunch.com,Female
303,Denise,Robichon,drobichon8e@mtv.com,Female
304,Maynard,Eliasen,meliasen8f@ow.ly,Male
305,Araldo,Jevons,ajevons8g@yahoo.co.jp,Male
306,Claretta,McGeorge,cmcgeorge8h@un.org,Female
307,Derrick,Vurley,dvurley8i@4shared.com,Male
308,Jillie,Rathbourne,jrathbourne8j@go.com,Female
309,Evonne,Dellenbroker,edellenbroker8k@blogger.com,Female
310,Lelah,Beggin,lbeggin8l@reverbnation.com,Female
311,Torry,O' Meara,tomeara8m@weather.com,Male
312,Rora,Gonsalo,rgonsalo8n@webmd.com,Female
313,Kliment,Ginnelly,kginnelly8o@ox.ac.uk,Male
314,Abbe,Izchaki,aizchaki8p@upenn.edu,Male
315,Delbert,Steinham,dsteinham8q@umn.edu,Male
316,Oliy,Thornton,othornton8r@imdb.com,Female
317,Jerrylee,Murrum,jmurrum8s@g.co,Female
318,Efrem,Pressland,epressland8t@dmoz.org,Male
319,Armando,Sikora,asikora8u@paypal.com,Male
320,Kitty,Jochanany,kjochanany8v@lycos.com,Female
321,Ciro,Shiril,cshiril8w@senate.gov,Male
322,Tadeas,Curedell,tcuredell8x@github.io,Male
323,Brynna,Kleanthous,bkleanthous8y@pbs.org,Female
324,Teddi,Jeaffreson,tjeaffreson8z@privacy.gov.au,Polygender
325,Sondra,Benjefield,sbenjefield90@nymag.com,Female
326,Cully,Astley,castley91@hostgator.com,Male
327,Adan,Hartfield,ahartfield92@marriott.com,Female
328,Betsey,Fewster,bfewster93@columbia.edu,Female
329,Preston,Riediger,priediger94@gnu.org,Male
330,Erick,Edser,eedser95@altervista.org,Male
331,Hort,Kersaw,hkersaw96@geocities.com,Non-binary
332,Michel,Sopper,msopper97@who.int,Male
333,Ora,Halworth,ohalworth98@cargocollective.com,Female
334,Mel,Obeney,mobeney99@guardian.co.uk,Female
335,Ethan,Battin,ebattin9a@mediafire.com,Male
336,Brena,Roser,broser9b@unesco.org,Female
337,Kyla,Binner,kbinner9c@amazon.co.jp,Female
338,Davidson,Dobing,ddobing9d@flavors.me,Male
339,Tiphanie,Henderson,thenderson9e@wikipedia.org,Female
340,Carmel,Sabatini,csabatini9f@washington.edu,Female
341,Ichabod,Artiss,iartiss9g@bloglovin.com,Male
342,Galen,Sisse,gsisse9h@cam.ac.uk,Male
343,Carolan,Murney,cmurney9i@clickbank.net,Female
344,Nicola,Wiltsher,nwiltsher9j@sohu.com,Male
345,Daryle,Sleaford,dsleaford9k@lulu.com,Male
346,Mitchael,Deroche,mderoche9l@e-recht24.de,Male
347,Grant,Biasi,gbiasi9m@imgur.com,Male
348,Biddie,Lockless,blockless9n@google.fr,Female
349,Margery,Shimon,mshimon9o@slate.com,Female
350,Sarina,Yurikov,syurikov9p@craigslist.org,Female
351,Hansiain,Hourston,hhourston9q@jimdo.com,Male
352,Sauveur,Ronca,sronca9r@cocolog-nifty.com,Male
353,Corrinne,Rymer,crymer9s@mail.ru,Female
354,Nat,Baxendale,nbaxendale9t@wix.com,Male
355,Sky,Feathersby,sfeathersby9u@biblegateway.com,Male
356,Ilise,Beagan,ibeagan9v@npr.org,Bigender
357,Mandie,Jumont,mjumont9w@technorati.com,Female
358,Hodge,Moyne,hmoyne9x@webs.com,Male
359,Amaleta,Jutson,ajutson9y@phpbb.com,Female
360,Shayne,Giercke,sgiercke9z@hatena.ne.jp,Female
361,Balduin,Guerrieri,bguerrieria0@live.com,Male
362,Tatum,Measor,tmeasora1@360.cn,Female
363,Leese,Dutton,lduttona2@mtv.com,Female
364,Addison,Chansonne,achansonnea3@cargocollective.com,Male
365,Trever,Whitwham,twhitwhama4@google.com,Male
366,Tybalt,Wyburn,twyburna5@wikia.com,Male
367,Jase,Bagshawe,jbagshawea6@usatoday.com,Male
368,Lindie,Menham,lmenhama7@berkeley.edu,Female
369,Mandi,Comrie,mcomriea8@123-reg.co.uk,Non-binary
370,Karoly,Garralts,kgarraltsa9@free.fr,Female
371,Wilt,Smithyman,wsmithymanaa@rambler.ru,Male
372,Harp,Snoxall,hsnoxallab@liveinternet.ru,Male
373,Rorke,Sellors,rsellorsac@myspace.com,Male
374,Pepe,Sukbhans,psukbhansad@gizmodo.com,Male
375,Griffin,Lipman,glipmanae@apple.com,Male
376,Rich,Battams,rbattamsaf@friendfeed.com,Male
377,Trip,Perroni,tperroniag@gizmodo.com,Male
378,Haily,Rudwell,hrudwellah@yellowpages.com,Female
379,Benedicto,Colmore,bcolmoreai@state.tx.us,Male
380,Ricky,Breckwell,rbreckwellaj@quantcast.com,Male
381,Emmie,Gimbrett,egimbrettak@icq.com,Female
382,Aurie,Wiltshier,awiltshieral@oaic.gov.au,Female
383,Jordanna,Chaves,jchavesam@wiley.com,Female
384,Lena,Oats,loatsan@ucla.edu,Agender
385,Coretta,Batcock,cbatcockao@tripadvisor.com,Female
386,Prent,Pettyfar,ppettyfarap@digg.com,Male
387,Loise,Giraldo,lgiraldoaq@shareasale.com,Female
388,Valentine,Charlet,vcharletar@dot.gov,Male
389,Saxon,Alston,salstonas@boston.com,Male
390,Ciro,Janowicz,cjanowiczat@plala.or.jp,Male
391,Archambault,Laverick,alaverickau@feedburner.com,Male
392,Clayson,Haythorne,chaythorneav@earthlink.net,Male
393,Xenos,Earey,xeareyaw@prweb.com,Male
394,Homerus,Bingley,hbingleyax@umich.edu,Male
395,Cahra,Sivorn,csivornay@businessweek.com,Bigender
396,Melisandra,Tickner,mtickneraz@discuz.net,Female
397,Dom,Going,dgoingb0@dmoz.org,Male
398,Dee dee,Steadman,dsteadmanb1@sun.com,Female
399,Sybilla,Mattevi,smattevib2@examiner.com,Female
400,Dov,Beltzner,dbeltznerb3@freewebs.com,Male
401,Jaymee,Wallwork,jwallworkb4@un.org,Female
402,Christoffer,Merioth,cmeriothb5@accuweather.com,Male
403,Cobb,Quelch,cquelchb6@wired.com,Male
404,Betsey,Nanni,bnannib7@pen.io,Female
405,Colette,McGloughlin,cmcgloughlinb8@joomla.org,Female
406,Faythe,Swatman,fswatmanb9@bigcartel.com,Female
407,Tisha,Devote,tdevoteba@google.com.hk,Non-binary
408,Timi,Stopper,tstopperbb@free.fr,Female
409,Linn,Hamblett,lhamblettbc@so-net.ne.jp,Male
410,Forest,Lye,flyebd@arstechnica.com,Male
411,Enrika,Steddall,esteddallbe@foxnews.com,Female
412,Chuck,Mathon,cmathonbf@stanford.edu,Male
413,Madeline,Blackaby,mblackabybg@geocities.com,Female
414,Gussy,Tuffley,gtuffleybh@opensource.org,Female
415,Idette,Jellyman,ijellymanbi@archive.org,Female
416,Eolande,Auchinleck,eauchinleckbj@businessinsider.com,Female
417,Tony,Bracci,tbraccibk@woothemes.com,Male
418,Wylie,McCudden,wmccuddenbl@cbc.ca,Male
419,Maddie,Bratchell,mbratchellbm@pbs.org,Male
420,Maxi,Gain,mgainbn@imageshack.us,Female
421,Shellie,Martyn,smartynbo@sina.com.cn,Female
422,Tim,Rushmere,trushmerebp@bigcartel.com,Male
423,Bliss,Batistelli,bbatistellibq@mysql.com,Female
424,Iormina,Punshon,ipunshonbr@ted.com,Female
425,Philip,Barnsdale,pbarnsdalebs@google.pl,Male
426,Codie,Spurdens,cspurdensbt@google.com.hk,Genderqueer
427,Debera,Cureton,dcuretonbu@prnewswire.com,Female
428,Georgetta,Broadfoot,gbroadfootbv@squidoo.com,Female
429,Karna,Cromer,kcromerbw@walmart.com,Female
430,Bartolemo,Wetherick,bwetherickbx@miitbeian.gov.cn,Male
431,Rebekkah,Sidworth,rsidworthby@vkontakte.ru,Female
432,Ofella,Raubheim,oraubheimbz@barnesandnoble.com,Female
433,Colin,Fortune,cfortunec0@dailymotion.com,Male
434,Joellyn,Novill,jnovillc1@redcross.org,Female
435,Shaina,Blackney,sblackneyc2@tuttocitta.it,Female
436,Kelley,Blackbrough,kblackbroughc3@miitbeian.gov.cn,Female
437,Ginelle,Weller,gwellerc4@jigsy.com,Female
438,Dolores,Greatbanks,dgreatbanksc5@flavors.me,Bigender
439,Valentin,Barsam,vbarsamc6@usda.gov,Male
440,Ingemar,Dove,idovec7@dailymotion.com,Male
441,Freedman,Crosskell,fcrosskellc8@github.io,Male
442,Parke,Cockshutt,pcockshuttc9@webnode.com,Male
443,Janaye,Fernyhough,jfernyhoughca@webeden.co.uk,Female
444,Lindy,Cavnor,lcavnorcb@nhs.uk,Female
445,Winna,Stocker,wstockercc@tumblr.com,Female
446,Rani,Keates,rkeatescd@intel.com,Female
447,Benjamen,Thatcham,bthatchamce@themeforest.net,Male
448,Chris,Soppit,csoppitcf@google.fr,Non-binary
449,Maridel,Downes,mdownescg@ucoz.com,Female
450,Levey,Tytherton,ltythertonch@myspace.com,Male
451,Lenette,Roder,lroderci@reddit.com,Female
452,Meggy,MacCrossan,mmaccrossancj@unesco.org,Female
453,Urbain,Diperaus,udiperausck@lycos.com,Male
454,Claudian,Chazier,cchaziercl@infoseek.co.jp,Male
455,Cheston,Loan,cloancm@example.com,Male
456,Mick,Bonnett,mbonnettcn@nba.com,Male
457,Devin,Daly,ddalyco@abc.net.au,Male
458,Lethia,Broderick,lbroderickcp@over-blog.com,Female
459,Flory,Hynam,fhynamcq@marriott.com,Male
460,Arabele,Lingley,alingleycr@sakura.ne.jp,Female
461,Skipton,Kunzel,skunzelcs@ebay.com,Male
462,Adolph,Donisi,adonisict@youku.com,Male
463,Eugene,Mcsarry,emcsarrycu@github.com,Genderfluid
464,Florida,Simonsen,fsimonsencv@hao123.com,Female
465,Elberta,Hultberg,ehultbergcw@surveymonkey.com,Female
466,Hermione,McNulty,hmcnultycx@businesswire.com,Female
467,Anestassia,Gofton,agoftoncy@bloomberg.com,Female
468,Licha,MacInherney,lmacinherneycz@nps.gov,Female
469,Angil,Coultish,acoultishd0@devhub.com,Female
470,Rois,Sambals,rsambalsd1@hp.com,Agender
471,Jareb,Mewhirter,jmewhirterd2@go.com,Male
472,Iver,Costy,icostyd3@yandex.ru,Male
473,Shelton,Learoid,slearoidd4@admin.ch,Male
474,Ashleigh,Haggath,ahaggathd5@reference.com,Female
475,Briano,Threadgall,bthreadgalld6@skyrock.com,Male
476,Kenton,Rape,kraped7@scientificamerican.com,Male
477,Estrellita,Gorghetto,egorghettod8@java.com,Female
478,Larry,Bosden,lbosdend9@csmonitor.com,Male
479,Kelsy,Alliban,kallibanda@wufoo.com,Female
480,Nicolle,Fibbings,nfibbingsdb@sohu.com,Polygender
481,Robbin,A'Barrow,rabarrowdc@eepurl.com,Female
482,Devon,Bangley,dbangleydd@abc.net.au,Agender
483,Tait,Purton,tpurtonde@lycos.com,Male
484,April,Delf,adelfdf@yale.edu,Female
485,Haydon,Scamerden,hscamerdendg@twitpic.com,Male
486,Ricard,Spinige,rspinigedh@nifty.com,Male
487,Myranda,Lowton,mlowtondi@shareasale.com,Female
488,Terri-jo,Starling,tstarlingdj@blogger.com,Genderqueer
489,Maria,Tinniswood,mtinniswooddk@sciencedirect.com,Female
490,Claudie,Wolters,cwoltersdl@psu.edu,Genderqueer
491,Sutherland,Kubasiewicz,skubasiewiczdm@ow.ly,Male
492,Berne,Devany,bdevanydn@msu.edu,Male
493,Clayton,Gommery,cgommerydo@bigcartel.com,Male
494,Clarey,Leyborne,cleybornedp@squidoo.com,Female
495,Jessalyn,Vigrass,jvigrassdq@infoseek.co.jp,Female
496,Kermit,Beesley,kbeesleydr@china.com.cn,Male
497,Elenore,Hylton,ehyltonds@globo.com,Female
498,Ailsun,Scandrick,ascandrickdt@wix.com,Female
499,Leonerd,Pulford,lpulforddu@shinystat.com,Male
500,Abbie,Gelardi,agelardidv@aboutads.info,Female
501,Adolphe,Hawkyens,ahawkyensdw@tripadvisor.com,Male
502,Stacie,Trent,strentdx@google.nl,Female
503,Chester,Burmaster,cburmasterdy@blogger.com,Male
504,Lesli,Withey,lwitheydz@vinaora.com,Female
505,Slade,Ballefant,sballefante0@prlog.org,Genderfluid
506,Curcio,Cuckoo,ccuckooe1@eepurl.com,Male
507,Adena,Longdon,alongdone2@berkeley.edu,Female
508,Winni,Tregust,wtreguste3@japanpost.jp,Female
509,Hanni,Sancto,hsanctoe4@quantcast.com,Bigender
510,Godfry,Ellesworth,gellesworthe5@globo.com,Male
511,Matthias,Calladine,mcalladinee6@google.co.jp,Male
512,Tudor,McGeffen,tmcgeffene7@hud.gov,Male
513,Demetria,Winborn,dwinborne8@g.co,Female
514,Tallulah,Hatcliffe,thatcliffee9@timesonline.co.uk,Female
515,Kamila,Shalloo,kshallooea@yellowpages.com,Female
516,Katleen,Coplestone,kcoplestoneeb@microsoft.com,Genderfluid
517,Juana,Dighton,jdightonec@latimes.com,Female
518,Jillane,Goodee,jgoodeeed@google.de,Female
519,Gilemette,Arnaudot,garnaudotee@nps.gov,Female
520,Devlin,Duddy,dduddyef@mail.ru,Male
521,Brad,Cosgrave,bcosgraveeg@census.gov,Male
522,Ebenezer,Hellicar,ehellicareh@springer.com,Male
523,Petr,Balwin,pbalwinei@ow.ly,Male
524,Terri,Savile,tsavileej@angelfire.com,Female
525,Donica,Ingray,dingrayek@vkontakte.ru,Female
526,Lani,Hale,lhaleel@over-blog.com,Female
527,Dona,Croose,dcrooseem@clickbank.net,Female
528,Valentin,Biglin,vbiglinen@desdev.cn,Male
529,Othella,Goodwill,ogoodwilleo@bandcamp.com,Female
530,Liuka,Durnford,ldurnfordep@hhs.gov,Female
531,Jemima,Harrowsmith,jharrowsmitheq@opera.com,Female
532,Ryun,Downes,rdowneser@plala.or.jp,Male
533,Aldous,Boatwright,aboatwrightes@studiopress.com,Male
534,Zebadiah,Stiling,zstilinget@dagondesign.com,Male
535,Gregoor,Askwith,gaskwitheu@clickbank.net,Male
536,Jed,Osan,josanev@home.pl,Male
537,Judon,Lghan,jlghanew@imdb.com,Male
538,Brianna,Gadsdon,bgadsdonex@qq.com,Female
539,Drake,Iacovelli,diacovelliey@biglobe.ne.jp,Male
540,Cristen,Primmer,cprimmerez@redcross.org,Female
541,Cyril,Laherty,clahertyf0@dyndns.org,Male
542,Kipper,Melluish,kmelluishf1@stanford.edu,Male
543,Holmes,Fraine,hfrainef2@nba.com,Male
544,Cleon,Horry,chorryf3@hatena.ne.jp,Male
545,Dominga,Hassewell,dhassewellf4@utexas.edu,Female
546,Sibley,Glassup,sglassupf5@google.co.jp,Female
547,Joby,Pickering,jpickeringf6@ow.ly,Female
548,Clemence,Elsmere,celsmeref7@reference.com,Female
549,Genevra,Feldstein,gfeldsteinf8@diigo.com,Female
550,Fayth,Chattoe,fchattoef9@sun.com,Female
551,Emlyn,Crumpton,ecrumptonfa@vinaora.com,Male
552,Beaufort,Buchett,bbuchettfb@tinypic.com,Male
553,Dietrich,Boas,dboasfc@unicef.org,Male
554,Cordy,Dorsett,cdorsettfd@elpais.com,Female
555,Octavius,Powner,opownerfe@google.com,Male
556,Nadiya,Ladds,nladdsff@digg.com,Female
557,Leopold,Antonutti,lantonuttifg@wisc.edu,Male
558,Callida,Tatum,ctatumfh@digg.com,Female
559,Natty,O'Malley,nomalleyfi@nature.com,Female
560,Tabbi,Laviste,tlavistefj@senate.gov,Female
561,Urban,Craker,ucrakerfk@diigo.com,Male
562,Ernie,Bartczak,ebartczakfl@mac.com,Male
563,Joya,Debrett,jdebrettfm@ihg.com,Female
564,Kira,Darycott,kdarycottfn@nih.gov,Female
565,Megan,Cominoli,mcominolifo@wix.com,Female
566,Paul,Elman,pelmanfp@spiegel.de,Male
567,Reagen,Grahame,rgrahamefq@usatoday.com,Male
568,Giavani,Presidey,gpresideyfr@ucoz.ru,Male
569,Frederick,Burroughes,fburroughesfs@japanpost.jp,Male
570,Harrietta,Baldacchino,hbaldacchinoft@unc.edu,Female
571,Tybie,Antonoyev,tantonoyevfu@wordpress.org,Female
572,Carlota,Geyton,cgeytonfv@angelfire.com,Female
573,Christoforo,Lacer,clacerfw@bravesites.com,Male
574,Elise,Cheesman,echeesmanfx@dot.gov,Female
575,Alec,Stearndale,astearndalefy@google.nl,Male
576,Cordelie,Cordelet,ccordeletfz@prweb.com,Female
577,Doyle,Follet,dfolletg0@networksolutions.com,Agender
578,Farrell,Maes,fmaesg1@ocn.ne.jp,Male
579,Bernie,Tidridge,btidridgeg2@indiegogo.com,Male
580,Kathie,Stenet,kstenetg3@google.com.au,Female
581,Nike,Woodbridge,nwoodbridgeg4@usatoday.com,Female
582,Devonna,Ubsdell,dubsdellg5@mozilla.org,Agender
583,Emmott,McKinna,emckinnag6@twitpic.com,Male
584,Ingmar,Wilstead,iwilsteadg7@nyu.edu,Male
585,Devlin,Durnall,ddurnallg8@google.cn,Male
586,Ignacius,Stubbe,istubbeg9@fotki.com,Male
587,Reeva,Noone,rnoonega@theguardian.com,Female
588,Karry,Hayer,khayergb@economist.com,Female
589,Jennifer,Manderson,jmandersongc@nih.gov,Female
590,Danika,Kinzett,dkinzettgd@g.co,Female
591,Hughie,Kilmurray,hkilmurrayge@omniture.com,Male
592,Isa,Healks,ihealksgf@google.ru,Male
593,Flori,Ovize,fovizegg@1und1.de,Female
594,Wallache,de Guerre,wdeguerregh@prnewswire.com,Male
595,Thaxter,Kilvington,tkilvingtongi@reuters.com,Male
596,Haslett,Gimblett,hgimblettgj@addtoany.com,Male
597,Moises,Blant,mblantgk@apache.org,Male
598,Laurice,Sturdy,lsturdygl@blogger.com,Bigender
599,Wynne,Underhill,wunderhillgm@hud.gov,Female
600,Joline,Pottberry,jpottberrygn@rakuten.co.jp,Female
601,Stormi,Kearey,skeareygo@multiply.com,Female
602,Wallis,Winterbourne,wwinterbournegp@lulu.com,Female
603,Odelle,Cassimer,ocassimergq@cdc.gov,Female
604,Veronica,Attock,vattockgr@tripadvisor.com,Female
605,Nannette,Brickstock,nbrickstockgs@moonfruit.com,Female
606,Beaufort,Gianinotti,bgianinottigt@cpanel.net,Male
607,Mack,Chicotti,mchicottigu@unblog.fr,Male
608,Gregg,Stormont,gstormontgv@eventbrite.com,Male
609,Garvin,Newvell,gnewvellgw@businesswire.com,Male
610,York,Jzhakov,yjzhakovgx@va.gov,Male
611,Ave,Kenealy,akenealygy@moonfruit.com,Male
612,Sherrie,Sharplin,ssharplingz@csmonitor.com,Female
613,Payton,Dunster,pdunsterh0@about.me,Male
614,Neille,Biggam,nbiggamh1@hugedomains.com,Female
615,Sonnie,Gorton,sgortonh2@diigo.com,Female
616,Trish,Yakubovich,tyakubovichh3@alexa.com,Female
617,Dorri,Nise,dniseh4@fda.gov,Female
618,Sephira,Tiffin,stiffinh5@parallels.com,Female
619,Freemon,Spalding,fspaldingh6@sina.com.cn,Male
620,Wadsworth,Allchin,wallchinh7@ifeng.com,Male
621,Milt,Aharoni,maharonih8@nationalgeographic.com,Male
622,Elke,Alstead,ealsteadh9@bbc.co.uk,Female
623,Colline,Connors,cconnorsha@1und1.de,Female
624,Gus,Izkovicz,gizkoviczhb@sphinn.com,Male
625,Jennette,Abethell,jabethellhc@springer.com,Female
626,Sheffy,Havard,shavardhd@fda.gov,Male
627,Odilia,Gavahan,ogavahanhe@google.it,Female
628,Zolly,Venner,zvennerhf@twitpic.com,Male
629,Maison,Spedroni,mspedronihg@wordpress.com,Male
630,Ninette,Kirkam,nkirkamhh@slate.com,Female
631,Phaedra,Basini-Gazzi,pbasinigazzihi@woothemes.com,Female
632,Vladamir,Tingle,vtinglehj@w3.org,Male
633,Meridith,Daykin,mdaykinhk@wikipedia.org,Female
634,Catha,Scorton,cscortonhl@senate.gov,Female
635,Bartolomeo,Cressar,bcressarhm@storify.com,Male
636,Allister,Broscombe,abroscombehn@buzzfeed.com,Male
637,Eugene,Grover,egroverho@cyberchimps.com,Male
638,Luigi,Sogg,lsogghp@meetup.com,Male
639,Rosemary,Sitwell,rsitwellhq@china.com.cn,Genderfluid
640,Thorstein,Scad,tscadhr@google.cn,Male
641,Mel,Grocutt,mgrocutths@cocolog-nifty.com,Female
642,Carmelle,Edge,cedgeht@va.gov,Female
643,Sada,Gislebert,sgisleberthu@slashdot.org,Female
644,Lesley,Lamberteschi,llamberteschihv@ask.com,Male
645,Wynn,Jurries,wjurrieshw@boston.com,Female
646,Bev,Bootherstone,bbootherstonehx@hibu.com,Female
647,Ruben,Oglesbee,roglesbeehy@people.com.cn,Male
648,Enrique,Dabourne,edabournehz@icio.us,Male
649,Barbaraanne,Smeath,bsmeathi0@cargocollective.com,Female
650,Eduardo,Lough,eloughi1@netlog.com,Male
651,Fons,Florio,fflorioi2@4shared.com,Male
652,Batholomew,Scorrer,bscorreri3@theatlantic.com,Male
653,Hetty,Erridge,herridgei4@npr.org,Female
654,Keelia,Blackhurst,kblackhursti5@artisteer.com,Female
655,Avrit,Lunt,alunti6@xinhuanet.com,Female
656,Shela,Skeldon,sskeldoni7@tumblr.com,Female
657,Mordecai,Gillani,mgillanii8@godaddy.com,Male
658,Doe,Rankling,dranklingi9@psu.edu,Female
659,Burtie,Manwaring,bmanwaringia@google.co.jp,Male
660,Leigh,Tregensoe,ltregensoeib@abc.net.au,Male
661,Jacklyn,Giacomazzo,jgiacomazzoic@godaddy.com,Female
662,Aldous,Wolland,awollandid@pinterest.com,Male
663,Bekki,Bernardinelli,bbernardinelliie@furl.net,Female
664,Darby,Dilawey,ddilaweyif@state.gov,Female
665,Jolene,Skurm,jskurmig@goo.gl,Female
666,Bank,Lanfranconi,blanfranconiih@uol.com.br,Male
667,Beltran,Timmis,btimmisii@tmall.com,Bigender
668,Neall,Newall,nnewallij@ucla.edu,Male
669,Tania,Bau,tbauik@reverbnation.com,Female
670,Saraann,Arch,sarchil@state.gov,Female
671,Angeli,Frickey,africkeyim@surveymonkey.com,Male
672,Derron,Springell,dspringellin@desdev.cn,Male
673,Moore,Hatterslay,mhatterslayio@mit.edu,Male
674,Birch,Duffett,bduffettip@wikispaces.com,Male
675,Neely,Speirs,nspeirsiq@amazon.com,Female
676,Wiley,Grayham,wgrayhamir@icq.com,Male
677,Petronia,Romanini,promaniniis@cnn.com,Female
678,Faythe,Nixon,fnixonit@csmonitor.com,Female
679,Fanny,Szubert,fszubertiu@bluehost.com,Female
680,Gibby,Egan,geganiv@stumbleupon.com,Male
681,Heda,Abramsky,habramskyiw@nih.gov,Female
682,Abra,Walding,awaldingix@examiner.com,Female
683,Saunder,Foulsham,sfoulshamiy@state.gov,Male
684,Harley,Kinglesyd,hkinglesydiz@hc360.com,Male
685,Dena,Horsburgh,dhorsburghj0@geocities.com,Female
686,Cristi,Thorby,cthorbyj1@gmpg.org,Female
687,Nonnah,Mapston,nmapstonj2@moonfruit.com,Female
688,Dorie,Burke,dburkej3@zdnet.com,Male
689,Curran,Mulvagh,cmulvaghj4@networkadvertising.org,Male
690,Athene,Baker,abakerj5@github.com,Female
691,Erma,Varsey,evarseyj6@ovh.net,Female
692,Elysha,Sherrott,esherrottj7@harvard.edu,Female
693,Clarissa,Smillie,csmilliej8@youtu.be,Female
694,Gran,Lethieulier,glethieulierj9@weather.com,Male
695,Lauren,Sendall,lsendallja@edublogs.org,Female
696,Johnette,Neilson,jneilsonjb@home.pl,Bigender
697,Granny,Nardrup,gnardrupjc@chron.com,Male
698,Alva,Serraillier,aserraillierjd@newyorker.com,Male
699,Merridie,Hutchinson,mhutchinsonje@senate.gov,Female
700,Inger,McLeary,imclearyjf@nydailynews.com,Male
701,Lamont,Birdall,lbirdalljg@yolasite.com,Male
702,Eugen,Kaasman,ekaasmanjh@comcast.net,Male
703,Hersch,Zarfat,hzarfatji@princeton.edu,Male
704,Charity,Geraudy,cgeraudyjj@paypal.com,Female
705,Jillie,Owenson,jowensonjk@bloomberg.com,Female
706,Culley,Seabrooke,cseabrookejl@admin.ch,Male
707,Daisie,Hungerford,dhungerfordjm@posterous.com,Female
708,Hughie,Semeniuk,hsemeniukjn@craigslist.org,Male
709,Hakeem,Robke,hrobkejo@bigcartel.com,Male
710,Sandi,Duncombe,sduncombejp@histats.com,Female
711,Denys,Cocke,dcockejq@phpbb.com,Male
712,Atlanta,Buntin,abuntinjr@desdev.cn,Genderqueer
713,Verne,Filan,vfilanjs@tmall.com,Bigender
714,Corrina,Scoble,cscoblejt@xrea.com,Female
715,Emmerich,Ironside,eironsideju@ed.gov,Male
716,Ari,Cargo,acargojv@ovh.net,Agender
717,Denver,Klimshuk,dklimshukjw@prnewswire.com,Male
718,Burtie,Joost,bjoostjx@networkadvertising.org,Male
719,Agace,Shouler,ashoulerjy@drupal.org,Female
720,Rosanna,Ruberry,rruberryjz@ow.ly,Female
721,Linoel,Acheson,lachesonk0@twitpic.com,Male
722,Smitty,Surman-Wells,ssurmanwellsk1@addtoany.com,Male
723,Jodie,Dalzell,jdalzellk2@tinyurl.com,Male
724,Kaye,Brattell,kbrattellk3@theatlantic.com,Female
725,Nicolais,Cayette,ncayettek4@livejournal.com,Male
726,Eduardo,Baldock,ebaldockk5@hhs.gov,Male
727,Bili,Birkin,bbirkink6@guardian.co.uk,Female
728,Julio,Holywell,jholywellk7@wikispaces.com,Male
729,Mallory,Buie,mbuiek8@wp.com,Male
730,Dinnie,Dyet,ddyetk9@mozilla.com,Female
731,Loretta,Garbar,lgarbarka@statcounter.com,Female
732,Verne,Scutter,vscutterkb@storify.com,Male
733,Latrena,Vanacci,lvanaccikc@spotify.com,Female
734,Vincenz,Titcumb,vtitcumbkd@nih.gov,Male
735,Donnie,Allawy,dallawyke@yellowbook.com,Male
736,Tobye,Vannucci,tvannuccikf@spiegel.de,Female
737,Archaimbaud,Ditch,aditchkg@vkontakte.ru,Male
738,Juliann,Husby,jhusbykh@msn.com,Female
739,Neale,Truran,ntruranki@vkontakte.ru,Male
740,Arabel,D'Oyly,adoylykj@arstechnica.com,Female
741,Edyth,Szymczyk,eszymczykkk@moonfruit.com,Polygender
742,Frankie,Fosher,ffosherkl@homestead.com,Female
743,Joice,Hought,jhoughtkm@reuters.com,Female
744,Arvy,Labbett,alabbettkn@boston.com,Genderfluid
745,Flinn,Copeland,fcopelandko@epa.gov,Male
746,Leslie,Lecordier,llecordierkp@unesco.org,Male
747,Kala,Gowenlock,kgowenlockkq@loc.gov,Female
748,Eben,Gaffey,egaffeykr@spiegel.de,Male
749,Marsiella,Blethyn,mblethynks@pcworld.com,Female
750,Sidoney,MacSherry,smacsherrykt@ameblo.jp,Female
751,Nicolas,Mabbett,nmabbettku@naver.com,Male
752,Laurens,Goreway,lgorewaykv@a8.net,Male
753,Jabez,Evelyn,jevelynkw@php.net,Male
754,Catherine,Van Brug,cvanbrugkx@reddit.com,Female
755,Merry,Kingsnoad,mkingsnoadky@ftc.gov,Male
756,Renado,Fenn,rfennkz@reference.com,Male
757,Eugene,Durdle,edurdlel0@mapquest.com,Male
758,Abran,Halshaw,ahalshawl1@senate.gov,Male
759,Linus,Briars,lbriarsl2@globo.com,Male
760,Nicolette,Hutchin,nhutchinl3@hibu.com,Female
761,Rozamond,Yusupov,ryusupovl4@github.com,Female
762,Buckie,Armiger,barmigerl5@google.nl,Male
763,Corby,Braithwaite,cbraithwaitel6@wix.com,Male
764,Nita,MacCarroll,nmaccarrolll7@sourceforge.net,Polygender
765,Truman,Burnup,tburnupl8@cargocollective.com,Male
766,Rancell,Gillions,rgillionsl9@163.com,Male
767,Alfredo,Jorg,ajorgla@yelp.com,Male
768,Lindy,Sliney,lslineylb@chicagotribune.com,Male
769,Rog,Glasheen,rglasheenlc@hatena.ne.jp,Male
770,Dallas,Tupman,dtupmanld@xing.com,Female
771,Krissy,Woodrough,kwoodroughle@posterous.com,Female
772,Arlen,Champley,achampleylf@dion.ne.jp,Male
773,Juline,Darrel,jdarrellg@sogou.com,Female
774,Anette,Bridel,abridellh@t-online.de,Agender
775,Clem,Pyrah,cpyrahli@nba.com,Female
776,Neale,Bangley,nbangleylj@fotki.com,Male
777,Oates,Ing,oinglk@omniture.com,Bigender
778,Torre,Lowton,tlowtonll@dailymotion.com,Genderqueer
779,Coreen,Ostridge,costridgelm@comsenz.com,Female
780,Corty,Akitt,cakittln@addthis.com,Male
781,Minne,Rulton,mrultonlo@stumbleupon.com,Female
782,Reinold,Caswill,rcaswilllp@marketwatch.com,Male
783,Henriette,Stairs,hstairslq@e-recht24.de,Female
784,Harv,Wilkison,hwilkisonlr@npr.org,Male
785,Aarika,Kerwin,akerwinls@weibo.com,Polygender
786,Gayla,Dozdill,gdozdilllt@phoca.cz,Female
787,Matilda,Wemes,mwemeslu@joomla.org,Female
788,Jinny,Dreinan,jdreinanlv@adobe.com,Bigender
789,Regine,Lacer,rlacerlw@ow.ly,Female
790,Angy,Gottschalk,agottschalklx@goo.gl,Female
791,Sheridan,Cardello,scardelloly@behance.net,Male
792,Rianon,Bolsteridge,rbolsteridgelz@bloglovin.com,Female
793,Codi,Jaffa,cjaffam0@ezinearticles.com,Female
794,Conroy,Farmloe,cfarmloem1@patch.com,Male
795,Catrina,Snape,csnapem2@nymag.com,Female
796,Sher,Fugere,sfugerem3@mac.com,Female
797,Lil,Manners,lmannersm4@123-reg.co.uk,Female
798,Bryna,Hazelton,bhazeltonm5@ucsd.edu,Female
799,Isador,Morecombe,imorecombem6@mac.com,Male
800,Locke,Neenan,lneenanm7@surveymonkey.com,Male
801,D'arcy,Keningley,dkeningleym8@rakuten.co.jp,Male
802,Alford,Bowerbank,abowerbankm9@theguardian.com,Male
803,Roxanna,Schwieso,rschwiesoma@java.com,Female
804,Greggory,Woolager,gwoolagermb@google.com.hk,Non-binary
805,Carlina,Pinkerton,cpinkertonmc@last.fm,Female
806,Morey,Draijer,mdraijermd@uiuc.edu,Non-binary
807,Aldous,Spellicy,aspellicyme@flickr.com,Male
808,Hedda,Annets,hannetsmf@fotki.com,Female
809,Kristina,Aughtie,kaughtiemg@archive.org,Female
810,Hanna,Whetnell,hwhetnellmh@free.fr,Female
811,Selby,Bourhill,sbourhillmi@taobao.com,Male
812,Paul,Gheeorghie,pgheeorghiemj@dion.ne.jp,Male
813,Haily,Haet,hhaetmk@mit.edu,Male
814,Malia,Tebboth,mtebbothml@whitehouse.gov,Female
815,Gusty,Tydd,gtyddmm@microsoft.com,Female
816,Miranda,Salmoni,msalmonimn@imdb.com,Female
817,Rubi,Robertucci,rrobertuccimo@phpbb.com,Female
818,Julina,Roze,jrozemp@livejournal.com,Female
819,Gisella,Ausher,gaushermq@fc2.com,Female
820,Hort,Fonteyne,hfonteynemr@sina.com.cn,Male
821,Donny,Such,dsuchms@spotify.com,Male
822,Ron,Marton,rmartonmt@freewebs.com,Male
823,Sapphire,Lindl,slindlmu@home.pl,Female
824,Andee,Breede,abreedemv@mlb.com,Female
825,Bunnie,Akram,bakrammw@paypal.com,Female
826,Theobald,Brazur,tbrazurmx@dailymotion.com,Male
827,Donalt,Blaver,dblavermy@apache.org,Male
828,Garland,Gudd,gguddmz@earthlink.net,Female
829,Shamus,Ricciardiello,sricciardiellon0@amazon.de,Male
830,Dusty,Kolin,dkolinn1@moonfruit.com,Female
831,Felita,Ibbison,fibbisonn2@php.net,Female
832,Shana,Searby,ssearbyn3@naver.com,Female
833,Kessiah,Fawcitt,kfawcittn4@disqus.com,Female
834,Celeste,Ciccetti,cciccettin5@foxnews.com,Female
835,Kermie,Ranklin,kranklinn6@infoseek.co.jp,Male
836,Mehetabel,Hanse,mhansen7@usatoday.com,Female
837,Morey,Rothschild,mrothschildn8@networkadvertising.org,Male
838,Mart,Esslement,messlementn9@linkedin.com,Male
839,Austina,Lowy,alowyna@nba.com,Female
840,Abdul,Gail,agailnb@mozilla.com,Male
841,Reginald,Cheine,rcheinenc@google.com.au,Male
842,Guido,Collinge,gcollingend@marketwatch.com,Male
843,Lilith,Burrell,lburrellne@facebook.com,Female
844,Dorothy,Achrameev,dachrameevnf@dyndns.org,Female
845,Barris,Scurfield,bscurfieldng@apple.com,Male
846,Silvain,McGaugie,smcgaugienh@spotify.com,Male
847,Ailey,Kinvig,akinvigni@java.com,Female
848,Rory,MacShirrie,rmacshirrienj@mozilla.org,Male
849,Toby,Airds,tairdsnk@cdc.gov,Male
850,Valentijn,Uttermare,vuttermarenl@e-recht24.de,Agender
851,Daryle,Lippatt,dlippattnm@reverbnation.com,Male
852,Lorettalorna,Kubica,lkubicann@dell.com,Female
853,Emmett,Congdon,econgdonno@blogtalkradio.com,Male
854,Rafaellle,Kolczynski,rkolczynskinp@wp.com,Male
855,Mitch,O'Carran,mocarrannq@cyberchimps.com,Male
856,Christel,Reiners,creinersnr@last.fm,Female
857,Vanya,MacCahee,vmaccaheens@usgs.gov,Female
858,Rafaelita,Sexty,rsextynt@bandcamp.com,Female
859,Dew,Lund,dlundnu@so-net.ne.jp,Male
860,Darbie,McCrae,dmccraenv@joomla.org,Female
861,Domenic,Maccraw,dmaccrawnw@dion.ne.jp,Male
862,Teodor,Mouton,tmoutonnx@reference.com,Male
863,Licha,Pirazzi,lpirazziny@ycombinator.com,Female
864,Luigi,Farrants,lfarrantsnz@netscape.com,Male
865,Kingsly,Hutchins,khutchinso0@nytimes.com,Male
866,Maurie,McCrainor,mmccrainoro1@sohu.com,Male
867,Diandra,Vankeev,dvankeevo2@example.com,Female
868,Nance,Geibel,ngeibelo3@aol.com,Female
869,Dave,Hiddersley,dhiddersleyo4@sogou.com,Male
870,Cori,Tubridy,ctubridyo5@wikimedia.org,Male
871,Vladamir,Coulthard,vcoulthardo6@mediafire.com,Male
872,Clemmie,Dhillon,cdhillono7@qq.com,Female
873,Samuele,Joicey,sjoiceyo8@edublogs.org,Genderfluid
874,Helsa,Arundell,harundello9@fastcompany.com,Female
875,Alys,Radden,araddenoa@mapquest.com,Non-binary
876,Audy,Fearick,afearickob@webeden.co.uk,Bigender
877,Eadie,Hendriks,ehendriksoc@behance.net,Female
878,Ashleigh,Shanks,ashanksod@nationalgeographic.com,Female
879,Nadean,Androletti,nandrolettioe@icq.com,Female
880,Peggi,Cattroll,pcattrollof@npr.org,Female
881,Osgood,Bluett,obluettog@prweb.com,Male
882,Jaynell,Weed,jweedoh@disqus.com,Female
883,Leonelle,Aurelius,laureliusoi@nydailynews.com,Female
884,Lesly,Folliss,lfollissoj@washington.edu,Female
885,Verla,Suscens,vsuscensok@cbslocal.com,Female
886,Minna,Diffley,mdiffleyol@yandex.ru,Female
887,Ramonda,Rawood,rrawoodom@tinypic.com,Female
888,Caspar,Lafontaine,clafontaineon@bbc.co.uk,Male
889,Vivie,Lunny,vlunnyoo@biblegateway.com,Bigender
890,Rawley,Gargett,rgargettop@unblog.fr,Male
891,Reyna,MacKettrick,rmackettrickoq@quantcast.com,Female
892,Trumaine,Chilver,tchilveror@paginegialle.it,Bigender
893,Bengt,Nicolls,bnicollsos@google.ca,Male
894,Edsel,Singers,esingersot@nsw.gov.au,Male
895,Sybil,Gimson,sgimsonou@meetup.com,Female
896,Julissa,Macey,jmaceyov@irs.gov,Bigender
897,Francklyn,Vallery,fvalleryow@weibo.com,Male
898,Austin,Hurley,ahurleyox@netlog.com,Female
899,Lorelei,Delap,ldelapoy@usgs.gov,Female
900,Carey,Frankish,cfrankishoz@alexa.com,Non-binary
901,Hermann,Bartley,hbartleyp0@va.gov,Male
902,Salim,Cordelet,scordeletp1@gnu.org,Polygender
903,Darill,Ludee,dludeep2@about.com,Male
904,Emelda,Roswarne,eroswarnep3@t.co,Female
905,Claudius,Burchill,cburchillp4@princeton.edu,Male
906,Enrichetta,Janak,ejanakp5@businesswire.com,Female
907,Kenon,Iddiens,kiddiensp6@yale.edu,Male
908,Ancell,Ashe,aashep7@shinystat.com,Male
909,George,Le Pine,glepinep8@mtv.com,Male
910,Junie,Kelso,jkelsop9@skyrock.com,Female
911,Hugues,Lory,hlorypa@mayoclinic.com,Male
912,Winona,Husband,whusbandpb@free.fr,Female
913,Gawen,Gantzman,ggantzmanpc@ihg.com,Male
914,Winifred,Syrett,wsyrettpd@indiatimes.com,Female
915,Marco,Stempe,mstempepe@dmoz.org,Male
916,Ruthann,Robken,rrobkenpf@toplist.cz,Female
917,Anita,Valentine,avalentinepg@t.co,Female
918,Gunther,Allsop,gallsopph@istockphoto.com,Male
919,Hersh,Boddymead,hboddymeadpi@imageshack.us,Male
920,Sergeant,Robker,srobkerpj@bbb.org,Male
921,Jard,McMichael,jmcmichaelpk@naver.com,Male
922,Red,Simondson,rsimondsonpl@oakley.com,Male
923,Ryan,Howsan,rhowsanpm@vk.com,Non-binary
924,Quincey,Tweed,qtweedpn@washingtonpost.com,Male
925,Lara,Kuhlen,lkuhlenpo@uol.com.br,Female
926,Sheena,Creavan,screavanpp@theguardian.com,Non-binary
927,Leilah,Vasilyonok,lvasilyonokpq@usgs.gov,Female
928,Derron,Heeley,dheeleypr@aboutads.info,Male
929,Lucia,Hollingby,lhollingbyps@time.com,Female
930,Ulick,Trorey,utroreypt@bloglovin.com,Male
931,Eal,Huccaby,ehuccabypu@canalblog.com,Male
932,Rosmunda,Duffy,rduffypv@buzzfeed.com,Female
933,Madlin,Greenman,mgreenmanpw@ycombinator.com,Female
934,Brigit,Martonfi,bmartonfipx@marketwatch.com,Female
935,Ethel,Kerfoot,ekerfootpy@reverbnation.com,Female
936,Tarrance,Hyde-Chambers,thydechamberspz@sciencedirect.com,Male
937,Gran,Danilenko,gdanilenkoq0@wisc.edu,Male
938,Lelia,Macoun,lmacounq1@ucoz.com,Female
939,Alejandra,Madison,amadisonq2@freewebs.com,Female
940,Emmett,McMenamy,emcmenamyq3@symantec.com,Male
941,Free,Twohig,ftwohigq4@usnews.com,Male
942,Sayre,Crosby,scrosbyq5@google.co.jp,Bigender
943,Pierette,Ranking,prankingq6@geocities.com,Female
944,Powell,Dietz,pdietzq7@booking.com,Genderfluid
945,Karim,Keats,kkeatsq8@noaa.gov,Polygender
946,Reeva,Fitzroy,rfitzroyq9@opensource.org,Female
947,La verne,Tidcombe,ltidcombeqa@flavors.me,Female
948,Tammy,Stuther,tstutherqb@cargocollective.com,Male
949,Arley,Castilla,acastillaqc@elpais.com,Male
950,Fanchette,Michieli,fmichieliqd@huffingtonpost.com,Female
951,Mei,Daldry,mdaldryqe@salon.com,Bigender
952,Candi,Olivello,colivelloqf@last.fm,Female
953,Ford,Kynnd,fkynndqg@woothemes.com,Male
954,Hasheem,Youdell,hyoudellqh@infoseek.co.jp,Male
955,Francklin,Braithwaite,fbraithwaiteqi@jigsy.com,Male
956,Keene,Dingwall,kdingwallqj@free.fr,Male
957,Brockie,Jaqueme,bjaquemeqk@wunderground.com,Male
958,Lulita,Schulze,lschulzeql@yandex.ru,Female
959,Dahlia,Brownlie,dbrownlieqm@mac.com,Genderqueer
960,Mavis,Rennock,mrennockqn@reference.com,Female
961,Bernie,Pilgrim,bpilgrimqo@npr.org,Male
962,Corinne,Sigert,csigertqp@weather.com,Female
963,Druci,Kalinsky,dkalinskyqq@networkadvertising.org,Polygender
964,Nap,Jaksic,njaksicqr@amazon.co.jp,Male
965,Barbabas,Bergeau,bbergeauqs@photobucket.com,Male
966,Randolf,Jelly,rjellyqt@hp.com,Male
967,Lu,Dengate,ldengatequ@163.com,Female
968,Charlton,Honacker,chonackerqv@mapquest.com,Male
969,Phil,Towey,ptoweyqw@purevolume.com,Male
970,Alexis,Theobold,atheoboldqx@squidoo.com,Male
971,Brig,Greeve,bgreeveqy@wufoo.com,Male
972,Garret,Ebrall,gebrallqz@dyndns.org,Male
973,Jules,McCleverty,jmcclevertyr0@t-online.de,Male
974,Kellen,Belsher,kbelsherr1@sakura.ne.jp,Female
975,Ree,Bunhill,rbunhillr2@kickstarter.com,Agender
976,Lethia,Flook,lflookr3@mozilla.org,Female
977,Augusta,Crewdson,acrewdsonr4@telegraph.co.uk,Female
978,Arin,Scrimshaw,ascrimshawr5@macromedia.com,Male
979,Bruno,Hallor,bhallorr6@theglobeandmail.com,Male
980,Napoleon,Yeend,nyeendr7@walmart.com,Male
981,Kean,De Wolfe,kdewolfer8@auda.org.au,Male
982,Anderea,Sanchis,asanchisr9@pen.io,Female
983,Ines,Mousby,imousbyra@t-online.de,Female
984,Darline,Millership,dmillershiprb@si.edu,Female
985,Giffy,Kamenar,gkamenarrc@list-manage.com,Male
986,Tove,Focke,tfockerd@de.vu,Female
987,Husain,Lints,hlintsre@dmoz.org,Male
988,Turner,Pottell,tpottellrf@last.fm,Male
989,Obed,Mallindine,omallindinerg@marketwatch.com,Male
990,Jaymee,O'Fallone,jofallonerh@ucla.edu,Female
991,Kenn,Parkinson,kparkinsonri@flickr.com,Male
992,Humfrey,Peeter,hpeeterrj@wix.com,Polygender
993,Violet,Halgarth,vhalgarthrk@opensource.org,Female
994,Bondie,Heymes,bheymesrl@ibm.com,Male
995,Allie,Phelps,aphelpsrm@furl.net,Male
996,Crosby,Barrim,cbarrimrn@weibo.com,Male
997,Olwen,Ledger,oledgerro@tamu.edu,Female
998,Jsandye,Kristiansen,jkristiansenrp@topsy.com,Female
999,Perla,Groundwater,pgroundwaterrq@addtoany.com,Female
1000,Iris,Woodruff,iwoodruffrr@mlb.com,Female
